{
  "__type__": "cc.SpriteFrame",
  "content": {
    "name": "glow",
    "atlas": "",
    "rect": {
      "x": 3,
      "y": 6,
      "width": 221,
      "height": 189
    },
    "offset": {
      "x": 0.5,
      "y": -1.5
    },
    "originalSize": {
      "width": 226,
      "height": 198
    },
    "rotated": false,
    "capInsets": [
      0,
      0,
      0,
      0
    ],
    "vertices": {
      "rawPosition": [
        -110.5,
        -94.5,
        0,
        110.5,
        -94.5,
        0,
        -110.5,
        94.5,
        0,
        110.5,
        94.5,
        0
      ],
      "indexes": [
        0,
        1,
        2,
        2,
        1,
        3
      ],
      "uv": [
        3,
        192,
        224,
        192,
        3,
        3,
        224,
        3
      ],
      "nuv": [
        0.01327433628318584,
        0.015151515151515152,
        0.9911504424778761,
        0.015151515151515152,
        0.01327433628318584,
        0.9696969696969697,
        0.9911504424778761,
        0.9696969696969697
      ],
      "minPos": {
        "x": -110.5,
        "y": -94.5,
        "z": 0
      },
      "maxPos": {
        "x": 110.5,
        "y": 94.5,
        "z": 0
      }
    },
    "texture": "483f03cc-b19a-4465-ae4d-7e16039c8766@6c48a",
    "packable": true,
    "pixelsToUnit": 100,
    "pivot": {
      "x": 0.5,
      "y": 0.5
    },
    "meshType": 0
  }
}