{
  "__type__": "cc.SpriteFrame",
  "content": {
    "name": "dynamite",
    "atlas": "",
    "rect": {
      "x": 6,
      "y": 3,
      "width": 1375,
      "height": 189
    },
    "offset": {
      "x": 2,
      "y": -0.5
    },
    "originalSize": {
      "width": 1383,
      "height": 194
    },
    "rotated": false,
    "capInsets": [
      0,
      0,
      0,
      0
    ],
    "vertices": {
      "rawPosition": [
        -687.5,
        -94.5,
        0,
        687.5,
        -94.5,
        0,
        -687.5,
        94.5,
        0,
        687.5,
        94.5,
        0
      ],
      "indexes": [
        0,
        1,
        2,
        2,
        1,
        3
      ],
      "uv": [
        6,
        191,
        1381,
        191,
        6,
        2,
        1381,
        2
      ],
      "nuv": [
        0.004338394793926247,
        0.010309278350515464,
        0.9985538684020245,
        0.010309278350515464,
        0.004338394793926247,
        0.9845360824742269,
        0.9985538684020245,
        0.9845360824742269
      ],
      "minPos": {
        "x": -687.5,
        "y": -94.5,
        "z": 0
      },
      "maxPos": {
        "x": 687.5,
        "y": 94.5,
        "z": 0
      }
    },
    "texture": "09b4aa1c-bb7f-4931-ab9e-0dfd8c8773ec@6c48a",
    "packable": true,
    "pixelsToUnit": 100,
    "pivot": {
      "x": 0.5,
      "y": 0.5
    },
    "meshType": 0
  }
}